case|registration|policy|plain|signed
before_first_publication|-|-|Unmanaged|true
first_registration_pending|11111111111111111111111111111111:1:pending|-|Uncertain|true
first_policy_written|11111111111111111111111111111111:1:pending|11111111111111111111111111111111:1:required|Uncertain|true
first_required_ready|11111111111111111111111111111111:1:ready|11111111111111111111111111111111:1:required|Required|true
rev1_signed_offer_during_rev2_pending|11111111111111111111111111111111:2:pending|11111111111111111111111111111111:1:required|Uncertain|true
required_revision_policy_written|11111111111111111111111111111111:2:pending|11111111111111111111111111111111:2:required|Uncertain|true
required_revision_ready|11111111111111111111111111111111:2:ready|11111111111111111111111111111111:2:required|Required|true
rev1_signed_offer_during_optional_pending|11111111111111111111111111111111:3:pending|11111111111111111111111111111111:2:required|Uncertain|true
optional_policy_written|11111111111111111111111111111111:3:pending|11111111111111111111111111111111:3:optional|Uncertain|true
optional_ready|11111111111111111111111111111111:3:ready|11111111111111111111111111111111:3:optional|Optional|true
optional_to_required_registration_pending|11111111111111111111111111111111:4:pending|11111111111111111111111111111111:3:optional|Uncertain|true
optional_to_required_policy_written|11111111111111111111111111111111:4:pending|11111111111111111111111111111111:4:required|Uncertain|true
optional_to_required_ready|11111111111111111111111111111111:4:ready|11111111111111111111111111111111:4:required|Required|true
one_anchor_missing|-|11111111111111111111111111111111:4:required|Uncertain|true
wrong_generation|22222222222222222222222222222222:4:ready|11111111111111111111111111111111:4:required|WrongGeneration|false
unsupported_joint_loss|-|-|Unmanaged|true
